Text,label
Ywgrl,0
,0
Femboy,0
,0
Look at my T-shirt (chest) Look at the T-shirt and buy it to make it cuter like me (*â‰§Ğ·â‰¦) â¤ï¸â¤ï¸ğŸ¥µğŸ¥µ            +                                                             It's a little difficult to get a friend request due to personal problems.... so I'll only accept some of them.. sorry :< (I am just an informant who reveals T-shirts and groups that you will like :p),1
I don't got no type bad b###### is the only thing that I like,1
,0
dc-2lilico (Â° Ü¸.Ë¬.Â°) no studio!!,1
UwU,0
,0
,0
Simple,0
"Creadora de contenido
T-T sleepiebunny1",0
,0
"stop taking my fits idk u
Follow or ğŸ™…â€â™€ï¸",1
"Hey u know this song:)
Havenâ€¦..
When I held you again
We Just be friends?
I would rather die
The let you go
Juliet to your Romeo
How I heard you say
I would never
Fall in love again
Unlit I found her
I said I would never fall 
Unless itâ€™s you i fall into",1
"â€œBrilho prÃ³prio, alma rara âœ¨ â€” Lady Angel Original ğŸ’…

meus. bebÃªs YuriğŸ’š JÃ©ssicağŸ’“  

Dona da equipe: lobo Alpha ğŸº 

ğŸ”¥frente recrutadora de ManausğŸ‡¨ğŸ‡¿
ğŸ¤‘SÃ³cia de ParisğŸ‡«ğŸ‡·
desse:lady_angel12",1
busy,0
sometimes inactive,0
eh?,0
,0
"blue: renee1lover
19, i do studio and i do play games :3
i miss the forest..",1
ğŸƒ,0
Mein bester Freund gestorben in Real life. Es ist extrem traurig ich vermisse ihn.ğŸ˜­ am 13 bin ich,0
controller or pencil and hello or vase or book,0
,0
Mobile user just in case ur wondering :33,0
,0
"ğˆğ§ğšğœğ­ğ¢ğ¯ğ.

ğ™µğ™¾ğ™»ğ™»ğ™¾ğš† ğ™¼ğ™´. â™ ï¸",1
ğŸ˜š     ğŸ¥º                                                                                               âœ‚ï¸     âœ‚ï¸      busy freakazoidğŸ˜­,1
big bunda,0
"Hey im Rose!
if I dont answer its cuz im doing something so pls dont spam
ask for blue!
Owned by Ethan <3",1
,0
"Hai :3 Welcome to my pfp!!!

I usually add females 

I don't like random friend req from males or men so don't try to send me a friend.

Have a nice day<3",1
"mbah!
19 hkk mvy kpzjvyk
Mvssvd pm fvb dhuuh nla hjjlwalk <3",1
"itss not my mainn

top :p",1
,0
Ya no puedo jugar cositas rikas porque me banean :(,0
outfit on main acc,0
"Just for her :3 ğŸ’–patootieğŸ’–
UNxjb",1
hi <3 xeurcovixs,1
[ Content Deleted ],0
my nqme is alexandra but call me uwu or sigma for shortğŸ˜ğŸ˜ğŸ˜ğŸ˜,0
"Hi, I'm a little shy but I would love to be your friend <3",0
"Hewo ğŸ’—

You can call me puppy, a cute little blonde white puppyâ€¦ğŸ¶

I am very shy, sweet and cute little female yorkie puppy with a pink bow on top.. :3

I get very shy, scared or loved depending on how people are very gentle or rough to me

I dyed my hair into a different color, because my favourite color is pink, duh~ :3

Like puppies, and kitties. Even the little bunnies.

Bi ğŸ’™ğŸ’œğŸ’–

I barely play Roblox or get onâ€¦ 

No studio yetâ€¦

You can still follow me",1
I love RobuxğŸ˜³,0
XfojI,0
,0
Siganme âœ…ï¸                                                         Follow me âœ…ï¸,1
,0
,0
"Doy y recibo 

Tengo Studio
valeryxz ğŸ’¿",1
letss Vc  â™ ï¸ male,1
,0
heheh..,0
nenita,0
"blue: die2n1ght

(( NO STUDIO ))

check out my FGC Clothing Group! https://www.roblox.com/communities/8147373/Rainha-tigre#!/store",1
,0
"dolli0042, buy me robux :3 NO CHAT",1
"haii
follow to add :3

im a boy >///<",1
don't copy my avatars âŒ,0
,0
[ Content Deleted ],0
"â¤ï¸ğŸ«  


EspaÃ±ol | Studio 

d: marcos_mstaff",1
"bi
pc/ mobile",1
"studio
follow if you a real1
more interesting you are the more likely ill add you
msg when you add me or get unfriended
the bigger the betterâ¤ï¸",1
"char in studios ^^
studios ONLY <3
â„ï¸ğŸ‡
lvl 18 :3
English but Mainly spanish :p
Switchhh
i like futas to <3",1
ekleÅŸelimm,0
,0
,0
Alt. Packing 130.,0
ğŸ’—ğŸ€,0
,0
soy de sara,0
cant chat out of game or add people,1
"<3
invitame a studio | invite me to studio
donenme pls :( para mas atributos",1
bigger than these dudes.,0
,0
"Fluffy, hung.   ğŸ”µfluffyfvrry",1
,0
,0
yk what im here for!,0
..,0
Spoil me ğŸ¤,0
Not a weird and idk them,0
(SOLO ESP),0
"mi espos : Liss â¤ï¸ğŸ¥°ğŸ’ 
Es hermosa, adorable 
Desde que la conocÃ­ me sentÃ­ feliz con ella y espero que siga asÃ­  uwu â¤ï¸ğŸ’",1
,0
##################################################################,0
MDNI,0
"men, if you want to get connections, read here https://www.roblox.com/users/9895392322/profile
ğŸ’¿ yuki_i123
 mutually follow to connect
  dont play in the studio






 

nope:P",1
"This account is mainly Inactive, I only rarely go on roblox to check something out.",1
,0
:3,0
Hung.,0
"Forever and always
Yo gurt Gurt: Sybau 
Ask for the blue",0
"I don't know what to put here. 



























hehe silli",1
"Sim, eu jogo CookieRun kingdom 
 
As vezes as pessoas vÃ£o te julgar pelo tipo de skin que vocÃª usa e o tipo de jogo que vocÃª jogar.

Sou homem.",0
feeling broken </3,0
"â€˜ i heart nora,
wlw + wlm
â€˜ rps + rp games,
- a :3",1
,0
Enjoy live while u can,0
"she/her

Ask for ğŸ”µ",1
âœï¸âœï¸âœï¸âœï¸âœï¸âœï¸âœï¸âœï¸âœï¸âœï¸âœï¸âœï¸âœï¸âœï¸âœ”ï¸,0
ğŸ˜¸,0
Sou patÃ©tico como sempre...,0
,0
"vaiaox234acc
Please do not try to communicate with this account",1
,0
,0
,0
,0
"I am albanian and my albanian name is Tuana short name: tunki, tanağŸ«¶ğŸ½â¤ï¸",0
ğŸ‡§ğŸ‡·,0
,0
,0
,0
"Forever and always
Yo gurt Gurt: Sybau 
Ask for the blue",0
I need a break,0
"helloooo im Sky ^-^

just want some friends to hangout with thats all :3

studio...?",0
muhahaha,0
"dispuesta a todo~
bi
Si me ven en lÃ­nea invitenme a jugar, siempre disponible~",0
"yuzz or nuzz
#1 lana del rey fan
<3",1
add me and text me on cord â€onlygabriella.â€ (with the dot) playing with people that follow and texts me 18+ (NO POINT IN ADDING ME IF UR NOT FOLLOWED),1
,0
It was nice to meet yall guys ^w^,0
,0
she/her | tag: ask,1
"malaysian chinese ğŸ‡²ğŸ‡¾
ï¸¶âŠ¹ï¸¶ï¸¶à­¨à­§ï¸¶ï¸¶âŠ¹ï¸¶
blue: rifleorca",1
"17 - tgirl
generally limitless except for a few things",1
"Bio in following
If you see me online please hmu
Im at your command :3",1
solo hablo espaÃ±ol no inglÃ©s y no juego competitivo ğŸ˜¿,0
,0
I destroy tiny things and claim them,0
;-;,0
,0
,0
,0
,0
Nah,0
Adrenaline runs through all of our veins .,0
Hiii,0
"can't do studio ğŸ’”
ask for the blue

(mobile only)",1
"You can add me to your friend is ok â™¡Â´ï½¥á´—ï½¥`â™¡

I am wearing a cosplay as Roblox (*Â´âˆ€`*)

I am fan with 6arelyhuman and Sonic and Pucca and Ed Edd n Eddy and Left 4 dead 2 & Spookiz and some cute avater.
That is it brb:3",1
"| Just someone whoâ€™s into battlegrounds games (even though I'm not good at it) and anime âœ¨
| Not always online, but always down for fun when I am ğŸ”¥
| I donâ€™t judge people by how they look â€” everyone is equal â¤ï¸
| And nope, I donâ€™t do Studio â€” So donâ€™t go around asking if I do Studio ğŸ—¿
                        - I ABSOLUTELY DO NOT PLAY CONS, SO DON'T ASK ME -",1
zipper frog cloud eagle net,0
Hey I am sleepy my dc: is sleepypumpkin0476 I like pizza and Nutella thatâ€™s all. Make blocks fruits great againâ€¦ huh you still here well weâ€™ll weâ€™ll roses are red violets are blue enough is enough give me your phone you dame fool go to bed you ğŸ¥€,0
Another day Another Hellish day,0
"Diana 19 

Games only.",1
I don't know what to put here-,0
,0
,0
"19
Best Pal: https://www.roblox.com/users/125245243/profile
Dc: GuyInASuit
If I randomly friended you it's because I probably thought your avatar was neat.
If I've unfriended you just add me back, I clean my list sometimes.

If you want to message me then add me on the other thing, I don't check Roblox chat too often",1
,0
Shota at your service,0
anime sucks wehboos,0
"silly 5â€™11 goober
literate
PLEASE read my bio in following
wallets welcome!",1
"Here And There
I am back from termination!!

Well sorry for big ban.",0
"â™ Blackendâ™ 
-Porfile no oficial
-Bunny
-EspaÃ±ol
-M=Free
-H-Real=$$$",1
"Jack-Oâ€™ Guilty Gear


ujlcQ
ğŸ’¿president_jack_o",1
Add my other account: User_018230,1
"For the boys and the girlies ;)
no disc dont ask
Studio and con
MDNI",1
,0
MAKE HELL HOT FOR 'EMğŸ—£ï¸ğŸ”¥ğŸ”¥,0
pls goat,0
"don't add me if you don't have money, blue :amberlee0389 I don't do studio.",1
"Just a normal furry who likes to befriend people and socialize with :3

He/him ğŸ³ï¸â€ğŸŒˆ

I love music, literally I love it down to my life! <3

Favorite furry music artist: Yonkagor, Kennyoung, Scratch21~ğŸ¶

Favorite bands: Greenday, Blink-182, Air supply, Three doors down, The Beatles, All time low, Simple plan, The network, Sekai No Owari, Owl city and many more >w<!

I love Bad2Bad franchise of Dawinstone games >~<

Blue app: nova_nitch",1
"idk, i like foxes
i may be stupid sometimes",0
"Femboy, kawaii e fofinhu UwU",0
"Taken by my wifey, xlo.wolf is my dis",1
hamborgo nomnom,0
=^â€¢ â€¢^=,0
bad apples away fruit sides it fruits time,0
17.,0
"16+
Her/she
â€œToo shy to add random people, at least donâ€™t talk to me..â€

( Masochist )

( Sadistic )",1
kvCXb,0
"WUT THE HELL - OH MY GAH
                    Bruh are so silly and dumb dumb ducky",0
Tag - KovaMir,0
"Check folIowing for bio :3
I am LESBIAN",1
"hello everyone

I do studio",0
"If the world ends, that would be great",0
Wawa~ â™¥,0
I'm a shy person.,0
my name is æ˜Ÿåƒ• :3,0
Asther <3,0
,0
"Ask for ğŸ”µ
QOH ğŸ’–

Owner: Ifly1989",1
dc:oneandtrueking.,1
"2010-2025 
death of a senior player",0
"Halo, Itz me Shogun",0
ï¼ˆï¼¾Ï‰ï¼¾ï¼‰,0
"ğŸ’šğŸ–¤ğŸ’šğŸ–¤ğŸ’šğŸ–¤ğŸ’š
ã€Green Blackã€‘
ğŸ’šğŸ–¤ğŸ’šğŸ–¤ğŸ’šğŸ–¤ğŸ’š


------------------------------------------------------------------
ğŸ’°o(*Â°â–½Â°*)oğŸ’°
------------------------------------------------------------------
[ğŸFPEğŸ]

would you be in quizur fpe school

of fundamental paper education fpe fanfic

education characters fpe fpe school

â”( Ë˜ ï½¤ Ë˜ )â”Œ
------------------------------------------------------------------
sleep in cold room me ğŸ˜´

cup of coffee milk me ğŸ¥±â˜•
------------------------------------------------------------------
games link : www.roblox.com/pt/games/74407306945838
------------------------------------------------------------------
ğŸ’šğŸ–¤ğŸ’šğŸ–¤ğŸ’šğŸ–¤ğŸ’šğŸ’šğŸ–¤ğŸ’šğŸ–¤ğŸ’šğŸ–¤ğŸ’šğŸ’šğŸ–¤ğŸ’šğŸ–¤ğŸ’šğŸ–¤",1
â˜†,0
I'm Usually Crazy or Depressed i usually smoke the yk stuff and I'll probably friend you if you follow also I'm a Big Sab Trader so if you wanna trade. follow me and I'll friend you,0
likely to get banned by the end of the week.,0
"é³´æµ· å¼¦ â¤
Narumi my beloved (^Ğ·^)-â˜†Chu!! <3",1
add me if you want,0
Wenas :3,0
to lazy to change my bio,0
"Just an average feminine boy
Disk is: Felixdafeminineboy.
Stuff about me: Im very clingy And i Can text you every day Unless im busy and No i do not do studio or anything like that",0
Ask 4 blue,0
Lion <3,0
"HI
follow pls :3",1
FlJng,0
Yuvec,0
"She says
""Be grateful, at least you're fed,""
While my soul rots in this bed
I make art out of broken skin
But to her
Itâ€™s just â€œwasting time again.â€
She never asked why I donâ€™t sleep
Why my silence runs so deep
Why I flinch when I hear her voice
Like pain was never even my choice
I try to speak
But words decay
Like no one listens anyway
I could vanish and sheâ€™d still say
â€œWhy are you always in the way?â€
I see people laugh like life makes sense
While Iâ€™m stuck behind this fence
I scream in songs â€˜cause I canâ€™t in real life
Each lyricâ€™s a blade
Not just a knife
They call me ""too much"" 
Or ""way too sad"" 
But never ask why I feel this bad
Like I chose this storm inside my chest
Like I enjoy never getting rest
She prays for me but never sees
Iâ€™m choking beneath her rosaries
Told me God donâ€™t like the way I feel
Like holy love means you gotta heal
But maybe Iâ€™m sick in ways that stay
And maybe thatâ€™",1
Ask for blu,0
games only :3,0
,0
PlungerManğŸ‡¹ğŸ‡­,0
"eruhm hey there Im lenni...duh

im not entitled to anything rlly so I do whatever!!

yeah yeah im one of those ""femboys"" or something",0
æœˆæŠ›,0
"algunas veces soy timida, no suelo hablar mucho, me divierto  mas con amigos, juego algunos battles y. fnfs y algunas veces de terror...
Santy(osito)ğŸ’—",0
"Ë—ËË‹ ê’°ğ˜ªğ˜¯ğ˜§ğ˜°ê’± ËËŠË—
à­¨à­§ : ê’° à«®ê’°ğŸ’ Ë¶â€¢ à¼ â€¢Ë¶ê’±áƒ âŒ— Ï‰â„“cm !! ê’± : à­¨à­§ 
ğŸ¦´ Ëš áµáµ . . .  à¹‘ ê’°á¢. .á¢ê’±  ğ™š
à«®ê’° Ë¶â€¢ à¼ â€¢Ë¶ê’±áƒ âŒ— Ï‰
ï¸µï¸µï¸µï¸µï¸µÂ°â€¢*.Ëš Â· Â·â™¡Â· Â· Ëš.*â€¢Â°ï¸µï¸µï¸µï¸µ
Ëš áµáµ . . .  à¹‘ ê’°á¢. .á¢ê’± ğŸ¥•  ğ™š
Â· Â· Â·I'm 17+ Â· Â· Â· Â· Â· Â· .  âŠ¹    âŒ—
Ëš âŠ¹ flws are appreciated ğŸ¤
 âŒ£âŒ£âŒ£âŒ£âŒ£âŒ£à­¨à­§ 
 >>>Feel free 2 add me<<<
 à«®ê’°â— Ë• â—Ÿ à¾€à½²ê’±áƒ  Ë³ .  âŠ¹    âŒ—  
â™¡ :
Ëš ï¸¶ê’· â”ˆâ”ˆâ”ˆê’°  ğŸ¦´ ê’±â”ˆâ”ˆâ”ˆ ê’·ê’¦ Ëš â”
(Â´,,>Ï‰<,,`) â™¡  ğŸ¾ 
Please donâ€™t copy fits/bio Â· Â·â™¡
>â©Š<â˜…â— ğğ¨ğ§ğ­ ğ‚ğ¨ğ©ğ² ğšğ§ğ“ oğŸ ğ¦y ğ€ğ¯ğšğ­ğšğ«å½¡â˜†
I like eeping ğŸ’¤
i luv making new friendos!! 
super kind to everyone > â¸â¸â¸ < 
ê’° â™¡ ê’± â”Š multiple style
  â„ â„’ğ’ªğ’±â„°  ğ’ğ’œğ’¯ğ’®
â™¡ï¾Ÿï½¥ï½¡ğŸ“ï½¡
if I send u a request its because Iâ€™d 
like to become friends!~ :3 ğŸ¤
d",1
,0
"â˜…I really like making new friends :3 /  Me gusta mucho hacer nuevos amigos :3 â˜…                                            

â˜… Can you follow me, please? ^w^ â˜…

â˜… ENG/ESP (I speak native Spanish but also English, in case you were wondering). â˜…

â˜…You can call me ""Kya"" or ""Xya"" or whatever you want. I don't mind. â˜…

â˜…Consider yourself lucky if I accept your friend request! Youâ€™ve managed to make a good impression on me. â˜…

â˜…I really like being sociable and friendly... ^^â˜…

â˜… I like patpats :b â˜…

â˜…silly kittenâ˜… :3",1
"ğŸ¾ The silly kemonomimi puppy girl ğŸ¾

ğŸ”’ Owned ğŸ”’",1
"Once I met this guy, who knew this guy who knew this guy who knew this guy, who knew this guy who know this guy who knew this guy,  who knew this guy who knew this guy who knew this guy, who knew this guy who knew this guy who knew this guy, who knew this guyâ€™s cousin...",0
i love suzuka in uma musume forever,0
"Hai, Iâ€™m Silli. Most times with an i, sometimes with a y",0
. . .,0
(â—Â´Ï‰ï½€â—),0
"What I know about you:
1. your reading this.
2. your a human.
3. you've pressed read more.
4. you cant say the letter p when your lips are shut.
6. you just attempted to do it.
7. your laughing at yourself.
8. you have a smile on your face and btw you skipped number 5.
9. you just checked to see if theres a number 5.
10. youre laughing at it now
11. now your gonna copy and paste this onto your profile",0
"mas aÃ±o,   mas dolor crear  y mas dolor crea  sufrimiento y trauma de recuerdos buenos que pasas con alguien y otros recuerdos de malos recuerdos, recordar tu pasado...",0
"blue is: vdh02
ç˜‹ç‹‚æˆ–
..æˆ‘å¥½ç´¯....
whale-ant-mountain",1
Iâ€™m that guy,0
"I apologize if I don't respond to your messages right away, but I will do my best to reply.",0
dislikes cons,0
,0
"Nokran, Eternal City next?",0
"Hello, I'm Venus at your service. ^^
hablo mÃ¡s espaÃ±ol
ocupo dueÃ±o ğŸ˜
 no tengo studio ğŸ˜­",0
"â˜…I really like making new friends :3 /  Me gusta mucho hacer nuevos amigos :3 â˜…                                            

â˜… Can you follow me, please? ^w^ â˜…

â˜… ENG/ESP (I speak native Spanish but also English, in case you were wondering). â˜…

â˜…You can call me ""Kya"" or ""Xya"" or whatever you want. I don't mind. â˜…

â˜…Consider yourself lucky if I accept your friend request! Youâ€™ve managed to make a good impression on me. â˜…

â˜…I really like being sociable and friendly... ^^â˜…

â˜… I like patpats :b â˜…

â˜…silly kittenâ˜… :3",1
"ê’·â—¡â— ï¸µğœ—â™ªâ€¿à¹‘ï¸µâ—œá  á•±â‘…á•± áŸâ—ï¸µà¹‘â€¿â™ªğœšï¸µâ— â—¡ê’·
×… á°”á©š ×„ İ â™ª Ö´ â—œ ğ‘¤ğ‘’ğ‘™ğ‘ğ‘œğ‘šğ‘’ ğ‘¡ğ‘œ ğ‘šğ‘¦ ğ‘ğ‘Ÿğ‘œğ‘“ğ‘–ğ‘™ğ‘’ â€¹ğŸ¹ Ë³ ğ„ ã€‚
ê’¦ï¸¶à¦“ â¸â¸ âŠ¹ ğ‘ğ‘Ÿğ‘œğ‘›ğ‘œğ‘¢ğ‘›ğ‘ ï¹•ğ’‰ğ’† / ğ’‰ğ’Šğ’ à¸… Â´ á©³ Ë‹â¸â¸ ê’±á¢
ê’¦ï¸¶à¦“ â¸â¸ âŠ¹ ğ’‚ğ’ˆğ’†ï¹•ğŸ™ğŸ à¸… Â´ á©³ Ë‹â¸â¸ ê’±á¢
â•­ à¾€à½² à­¨ â—Ÿâ€¿â— .â—ŒËš â¸â¸ ê’° â—œâ™ªà¾€à½²â— ê’± â¸â¸ Ëšâ—Œ. â—Ÿâ€¿â— à­§ à¾€à½²â•®
ËšÊšâ™¡ÉËš ğ‘ğ‘Ÿğ‘’ğ‘¡ğ‘¡ğ‘¦ ğ‘ğ‘™ğ‘’ğ‘ğ‘ ğ‘’ ğ‘ğ‘‘ğ‘‘ ğ‘šğ‘’!! ËšÊšâ™¡ÉËš

ğ‘ºğ’†ğ’ğ’Šâ€“ğ’‚ğ’„ğ’•ğ’Šğ’—ğ’† (Ë¶Ëƒ áµ• Ë‚Ë¶) .áŸ.áŸ",1
"""Having someone to mourn for you after your death is a blessing.""",0
"turned my joins off so i can enjoy playing without my sweat friends joining me

disk - nyankonomaly

asym horror enthusiast
i'm cat. meow",1
"heyyy :3 

he/him

if i send a friend request its cus i like ur avatar :3",1
angela here and I love durple,0
"STUDy protogen fr, need get more knowledge..
be ready to get some protobytes inside you!",1
,0
"Niche and quirky.

[Insert niche and quirky thing here...]

wait... let me look for one around here... 

Euphonium.

If I add you then that means your avatar is very tuff.

Did I mention Iâ€™m niche and quirky?",1
"Hai my name is Void :3
Titles : Good boyâ—„

If you have a feeling that i am a femboy then you're correct XD

Funfact i can also sound feminine~â™¥",1
"Follow me 
Goal : 20/1K",1
"Just me ask before copy my avatar. I'm kind to everyone, I want more frend to share more catalog avatar stuff ğŸ·ğŸ›

Don't add me just for weird or disgusting purpose. Go away, I only dress like this for myself.

- Someone who like to make Male and Female OCs
  â€¢ All of my avatar is my OCs & I never public my avatar in any game
Most of time when I add someone. I just want inspiration from you on my OCs, Yuh I would ask first when I want something 

Sometimes I develop game, All of them are discontinued, Some of game I made with friends can be seen in my favourites list",1
"(å¤§å·woaini520_aini)SH1èµ›å­£è€ç©å®¶å›å½’ï¼Œå¿«æ‰‹å›°æ­»çš„æ™“ç™½
ç§ã¯ã©ã†ã—ã¦ã‚ãªãŸã®æ‹äººã«ãªã‚‹ã“ã¨ãŒã§ãã¾ã™ã‹ ? ã„ã„ãˆï¼Œ(çµ¶å¯¾ã«ã§ãã¾ã›ã‚“ ! )",1
,0
Hello i'm from Vietnam and I can speak English,0
chat banned,0
"Account V2 âœ¨
ENG/SPA Mostly Spanish :3
------------------------------------------------







lTRjk",1
"hewwo :3

ğŸ‡¦ğŸ‡·

just some silly argentinian

wish i could make a longer block/unfriend list: gag, skibidi toilet, ""suspicious"" hangout games (like write a letter), weird avatar (i rlly cant give an example of this due to tags).

and btw a very high chance i also block u if you have ur joins off, ofc if i have friended u (i KNOW that u are playing those ""type"" of games)

one last thing: just because im a fmb it doesnt mean i do ""studio"", weirdos.

yes yes im just a hater and idc


i speak spanish and english (mainly spanish)

i can randomly send u a friend request cuz i liked ur avatar or found u as a cool person

i dont like being ignored. (i WILL unfriend/block u bc of this btw)

so uh i hope u are not checking my profile to hate me or anything like that :<

oh yah and u can join me without asking :p

i am a little shy so if i dont talk to u often its cuz of that",1
"A Roblox developer, working on a few games currently. small team of developers, don't mind my primary group as it looks extremely embarrassing, that is until we revamp it. currently using it for our next games, as it has somewhat of a base that can hopefully make our games look real, although we need to rename it and get an emblem for it.

We (I and our administrator, co-owner) don't go by a schedule, and we are extremely slow workers. The work we do is promising, its just that we lack such motivation. We have years of work planned, yet I'm not sure how much of it we will actually release and finish of these concepts, but we will attempt to get as much of what we deem worthy done whenever we want, but only such as a hobby. its already been so long, and yet, we rid of a lot of this work we've done. I hope it doesn't stay this way, and I cant promise that we will release any of these ideas.",1
,0
"~+ğŸ©µ[Welcome to my profile]ğŸ©µ+~
I play MULTIPLE instrumentsğŸ¹ğŸ·ğŸ¸
French/English ğŸ‡«ğŸ‡·ğŸ‡¨ğŸ‡¦
If I friend you, you're either a friend of a mutual, I met you in a game, or you avatar/bio was inviting Â¯\_(ãƒ„)_/Â¯
Fav colour: Black ğŸ–¤, Purple ğŸ’œ & blue ğŸ©µ
If you have a problem w/ me, I frankly don't care. I'm just living my life. If that offends you, that's your fault for being so sensitive. ğŸ«µ
I play: SEWH, Forsaken (rarely), CyberPunking, Outcome Memories, Violence District (Not good at it), Minesweeper, Block Tales and Carnage!
Anywho, that's pretty much all! Have a nice rest of your ğŸŒ…Day/ğŸŒ‡evening/ğŸŒ†night!

My main avatar is the Blue TV, Moths, and tiger sharks. sooo, yea",1
,0
"I've been told I give off ""tomboy"" attitude, whatever that means.",0
"âœ§ï½¥ï¾Ÿ:* *:ï½¥ï¾Ÿâœ§ ğ™Ÿğ™ªğ™¨ğ™© ğ™– ğ™©ğ™ğ™§ğ™šğ™™ ğ™›ğ™šğ™¡ğ™¡ğ™–  (femboyâ™¡) âœ§ï½¥ï¾Ÿ:* *:ï½¥ï¾Ÿâœ§     
       (once again i'm obssessed playing chain)
I got nothing to sayğŸ¥€ But hope ya'll have a good day/night~ <3

     â™¡   âˆ§ï¼¿ âˆ§ ï¼¿âˆ§  â™¡
   â™¡     (â¸â¸_  ._)0  < )     â™¡
      â™¡ /âŒ’ ã¥âŠ‚âŒ’ãƒ½ â™¡",1
"Why are you looking here?


There's nothing here, what are you waiting for?",0
Furry :3,0
"Just a normal girl who like playing roblox
Dis
lucy_690
I only add girls, trans girl or femboy avatar",1
,0
>w<,0
; @chenvyous,0
"í—¥í„°, ì• ë‹ˆ, ë¦´ë¼, ë²¤ì, ë‚˜ì˜¤ë¯¸, ë”ìŠ¤í¬, ê·¸ë“¤ì€ ë‚˜ì—ê²Œ í”ì ì„ ë‚¨ê²¼ì–´ìš”. ëª¨ë‘ ì‚¬ë‘í•´ìš” ğŸŒ¸ 

Eng/esp ğŸ©µ

""Soy relajado, amo dibujar y escribir cosas, le ando dedicando un libro a un vro pero shh no le digas""  ğŸ—¯ï¸",1
Nah,0
ğŸ‡§ğŸ‡· :3,0
,0
"meow :3

ğŸ’¿: yikessssslol

15, American, mlm

TAKEN â¤ï¸

RAHHHHHH ILY ICEED!!!

Iâ€™m very clingy so if I get to know you I probably wonâ€™t stop talking to you 

I accept all friend requests so donâ€™t be scared to send one (only if your a furry)

Go bruins and huskies 

Furry (obviously)

I like sports, mostly hockey but I also fw baseball

I love music, some of my favorite artists are Kanye, lil tecca and bunii",1
â€œThe saints will never comeâ€,0
whyy flutter~ when... you have me ~,0
Thx for 100 followers! >w<,0
hi,0
,0
,0
eh?,0
Just who in the hell do you think we are?,0
"â€•à­¨â™¡à­§â€•  
welcome to my profile !!

A pretty boy and proud of it!!! :D
â‹†ï½¡Â°âœ©
[ Feminine boy~ >w< ]  Ë—ËË‹ â™¡ ËËŠË— [ He/Him ]
â‹†ï½¡Â°âœ©
Feel free to add me if you are a feminine boy like me --::--> If I sent you a random friend request.. It means I like your avatar
[ I don't do roblox dm but I might reply back sometimes]
â‹†ï½¡Â°âœ©
byee !
â€•à­¨â™¡à­§â€•",1
"â™¡ hÎ±ii it's âœ° â„ğ•’ğ•ªğ•ğ•’ğ•Ÿ âœ° !! >â©Š<

à­¨à­§âŒ£âŒ£âŒ£âŒ£ ê’° Demographics ê’± âŒ£âŒ£âŒ£âŒ£à­¨à­§ 
â•°â”ˆâ¤ à­¨ Name à§ âœ° â„ğ•’ğ•ªğ•ğ•’ğ•Ÿ âœ°
     à­¨ Height à§ 5'9""
     à­¨ Gender à§ Male 
     à­¨ Religion à§ Atheist (respectfully)
         â”ˆ â”ˆ ğ‚¯ â”ˆ â”ˆ 
à­¨à§ ê’° Fav Thing ê’± !! (Ë¶Ë†á—œË†Ëµ)
â•°â”ˆâ¤ ãƒŸâ˜… ğ˜ğ˜’ğ˜Œğ˜ˆ â˜…å½¡ .áŸ à«®(Ë¶áµ” áµ• áµ”Ë¶)áƒğŸ¤
         Â· Â· Â· Â· Â· Â· Â· à­¨à§ Â· Â· Â· Â· Â· Â· Â· 
à­¨à§ ê’° Pronouns ê’±: â¸â¸ ğ“ğ“·ğ”‚ ãƒ ğ“ğ“µğ“µ!!ğŸ§ à­­ Ëš. ê’± â™¡
  ê©œ `âœµâ€¢.Â¸,âœµÂ°âœµ.ï½¡.âœ° ğ”½ğ•–ğ•ğ•“ğ• ğ•ª :ğŸ› âœ°.ï½¡.âœµÂ°âœµ,Â¸.â€¢âœµÂ´ !! à«®ê’°Ë¶â€¢ à¼ â€¢Ë¶ê’±áƒ
       âŒ£ âŒ£ âŒ£ âŒ£ âŒ£ âŒ£ âŒ£
à­¨à§ ê’° Personality ê’±: ISTP-T (Virtuoso) â™¡ â˜† !


 ğ‚¯ à¹‘ ğŸ¾  táƒ§ for reÎ±á‘¯iğ“£g à§ ê©œ
â•° ê’°ê’° ğŸ¤ ï½¡Ëš Ò‚ á‘²Î±i á‘²Î±ii >w< .áŸ â™¡ Ëš .



EST (UTC-4)",1
i'm always trying to shine...,0
å¤§ä¸ˆå¤« åƒ• æœ€å¼·ã ã‹ã‚‰,0
"hola amigos, welcome to my profile, internet people!! :3
=====
Here's what you need to know about me!
=====
â†“â†“â†“â†“â†“â†“â†“
I'm autistic/have a learning disability and I can sometimes stutter with some words I say, so If you do not like it, then IDK, don't be friends with me.

I'm a person from New York City.

My pronouns are: she/her or any pronouns.
doesn't really matter to me as what it is.

I can be clingy and I sometimes ask alotta questions so if I ever overwhelm you then I'm sorryy, I'm trying my best to work on my clinginess!! ;w;

I'm also 18 years old as of right now.

#b-day, 2007

so uhhh, yeahh.

Also, you can call me by my first name which is (Kayden) though, i like being referred to as my irl name, but you can also call me by my online name too. (kyntra, kass) or anything really, doesn't really matter what you call me!!

I LOVE MAH BEST FRIEND :3 ğŸ©·

So, uhh, that's all you need to know about me.

(OK BYE!!!)",1
!!ya me quiero ir de este mundo!!,0
>:3,0
"I love the artist Hatsune Miku<3


Yet.. some music have deep meaning like Retry Now or Mesmerizer but some like Rabbit Hole are just yk.. strange-


I love seeing Kasane Teto crossplayers<3

I don't really care what gender I am my outfit may be a boy or girl but mostly girl's side call me he or she 


I had crossplayed Hatsune Miku, Homura Akemi, Neptunia, and Rabbit Hole Miku

32,000 kills+ on Strongest Battlegrounds 
10 kills on legends Battlegrounds 
Tsb playerğŸ˜­
Just look at my tsb killsğŸ˜­ğŸ˜­ğŸ˜­
272d 17h time played in total, healthy right?
21,352 games played WHAT WAS I DOING BACK IN 2017-2020, was I really that bored

they/them



Also, I mostly add you back if your avatar is cute and pretty not some troll avatarsğŸ˜°


Also I like Astolfo now :3


Bye bye:3


Ashy or Ash is pretty chill and nice :^",1
"Renard blanc youtube mas vidÃ©o soit abonnÃ© moi ou ma connexion 
Alors moi aussi je vous donne mon
AbonnÃ© pour vous mes see vous 
ÃŠtes mÃ©chant avec je peux  pas Ãªtre 
VÃ´tre connexion jamais 
-me how ğŸ¦Š me I love friends-",0
,0
,0
#######################################################,0
ğŸ¤SğŸ–¤,0
"ASTRO TITÃN TV MANğŸ¤ğŸ—¿
SKIBIDI TOILETSğŸ¤›
ALLIANCE ğŸ¤",0
"! snails are so cool ğŸŒ!


























really likess furrys... 






























                        
























                                      Kabooom! ğŸ’¥ğŸ’¥ğŸ’¥",1
,0
Badlands,0
Ooo you looking,0
,0
ä¸æ­¢æ­¥äºå°å·ï¼Œå¤§å·123qwerty7478ï¼ˆå¿˜å¯†ç äº†ï¼‰,1
,0
,0
,0
"Tell the Roblox community about what you like to make, build, and explore...",0
"Hiyaa !!!!!
she/they trans
18

Feel free to add me if you'd like to!
If you wanna be friends, talk to me in chat! 
DNI: creeps, transphobes, homophobes, zoos
Block me if you're one of those

I don't like badly made cash grab games
I rarely play fighting games
I'm hyperfixed on nullscape

I love listening to music! 
My favorite genres are: breakcore, electronic, alternative, drum & bass, dubstep and techno!
My favorite artist is Artifyber!!!

I'm a shy bnuuy :3
I love bunnies!!! >w<
I'm not follow for follow btw!
I only follow people I think are awesome!

cyaa !!!!",1
"i buil an scrip
my games dont mirro my skill dont check them âœ§",0
"å±±å·å£¯éº—ï¼Œç‰©ç”¢è±éš†ï¼Œç‚é»ƒä¸–èƒ„ï¼Œæ±äºç¨±é›„ã€‚
æ¯‹è‡ªæš´è‡ªæ£„ï¼Œæ¯‹æ•…æ­¥è‡ªå°ï¼Œå…‰æˆ‘æ°‘æ—ï¼Œä¿ƒé€²å¤§åŒã€‚
å‰µæ¥­ç¶­è‰±ï¼Œç·¬æ‡·è«¸å…ˆçƒˆï¼›å®ˆæˆä¸æ˜“ï¼Œè«å¾’å‹™è¿‘åŠŸã€‚
åŒå¿ƒåŒå¾·ï¼Œè²«å¾¹å§‹çµ‚ï¼Œé’å¤©ç™½æ—¥æ»¿åœ°ç´…ï¼›
åŒå¿ƒåŒå¾·ï¼Œè²«å¾¹å§‹çµ‚ï¼Œé’å¤©ç™½æ—¥æ»¿åœ°ç´…ã€‚",1
tamago_neko,0
,0
"im a girl that is scared of man and woman.

#1 default mood hater
wta developer. (not-so)
ost maker (not-so)
physical enjoyer",1
"me llamo zack 
tengo 18 aÃ±o jsjs
y soy fembxy 
tranquilo no muerdo UwU 
mÃ­ use zackjavi_1000 es de D",1
"so what if i love her? she's cute, kind caring... >w<",0
"don't scroll down don't do it bozo


























































































































































































NEVER GONNA GIVE UP NEVER GONNA LET YOU DOWN NEVER GONNA RUN AROUND AND DESSERT YOU....",1
"they/them
hello!
Marauder ;p",1
"Just a your friendly neighbourhood goober.

[Basic info]
Age: 22.

Gender: female.

Likes: RP, memes, people, physical affection (with consent).

Dislikes: being forced, bad RP, people, physical affection (without consent).

Don't be afraid to talk to me, just don't make it too weird, I'm a person too.",1
Rikkaluvscookies                                    dc >.<,1
"ğŸªI'm a bunny boy, and I'm very cute and affectionate>:3
ğŸ‚Follow me to help me reach my goal! 
ğŸ©Goal: 350
ğŸ¤OMGG!! Tyyy!!! for 300 followes!! waaa!! waaa!! >w<
ğŸ¤Thank you so much!! hawh!!~~ >:3























































































































ğŸ¤Heiii... My name is Fizzy...~~ :3
â¤ don't forget that....~~



















































































































































ğŸ¤Good boy...~~ğŸ¤",1
,0
"weird

motor cave shallow",1
bring back prime yba PLEASEE,0
"Feel free to add me, I mainly accept follower's requests.

I may take a while to reply to roblox dms since I don't check them too often",1
";)

Spanish/English



preference spanish





















































































Fvta(Dom)
BCC",1
"about me: 

meow meow meow im a fem meow meow meow meow meow im 20 meow meow meow 
idk about what in can talk  :3 
add me if you want",1
"Iâ€™m not StrawBearE, ps if you wanna see my real avi ask me",1
,0
"i go by spiritual, or spirit, you choose
she/they
im quite laggy, so expect me to disconnect quite often
i got banned on my old account so thats why i made this one",1
"prime zest fest
THE RAPTURE IS COMING
im a guy 
you know whats up :3",0
8 account gamestories2003 :3,1
qual a semelhanÃ§a entre o Angron e a Niffty?,0
Ssssssshhhhhhaaaaaaaaarrrrrrrrrrrrrkkkkkkkkkkkkk,0
f 18,0
,0
I like to eat apples and bananas every day!,0
No bioum,0
Wlw,0
"he/him ;3 | Fmby 16
im very quit and shy:D but i'd love if we become friend:p 
i like td , horror , obby , fighting games
Lonely Lonely , I guess im lonely..!",1
"Â¿Por quÃ© yo noooo? Â¿Por quÃ© yo noooo? no me merezco lo que otros tienen de ti? Â¿Por quÃ© yo noooo?
Â¿Acoso yo SOY un EXTRAÃ‘O, hice daÃ±o no soy parte de â€¦
YA NO SOY UN BENEFICIO? SOY INTERES O SOY UN COMPROMISO? O ME QUIERES POR LO QUE YO SOY O SOLO ME QUIERES POR LO QUE YO DOY, Y NO QUIERO MENTIRAS PIADOSAS Y PREFIERO VERDAD DOLOROSA Â¿NO SOY PARTE DE TU MUNDO ROSA? YO NO... Â¿PORQUE YO NO?",0
,0
"i like sharks a lot
i also have autism
and i got 1q21 micro duplication syndrom",0
HAIIIII >W< nice to meet cha :3 my blue app is chocy.m1lk,1
,0
dont expect much,0
"Hii~
Take Me Anywhere You'd Like~
(Priv Games, Or Studio's)
Type://Soul Addict

I Don't Use ğŸ’¿",1
"Studio :3
Female preferred!!
Very musky!!! x3",1
Sigueme plis :3,0
[ Content Deleted ],0
"shy
16
blue app (shyroseowo) please talk :3 Layla :3",1
simga,0
ballin cat,0
Sleepoggers_85696,0
Take advantage and find something to do instead of looking here,0
Simple,0
,0
"\( â€¢ â—‹ â€¢)/ 


























































                                                                                                                                                                                                                                                                                                                                                                                                                                                                                                                                                                                                                                                                                                                                Me gustan las estrellas,                        Me encanta la lluvia y los dias nublados,                                              Amo a los gatos,lobos,zorros,perros.   el que lo haya leido, ya lo leyoğŸ¤“jajsjajasj",1
"blue: die2n1ght

(( NO STUDIO ))

check out my FGC Clothing Group! https://www.roblox.com/communities/8147373/Rainha-tigre#!/store",1
:>,0
"Just your average internet Enigma who sometimes has trouble socializing (depending on my mood) and has a form of interest in SCI-FI, Firearms, monsters, robot/mech, and soldier designs. 

Current franchise interests: Dead Space, Prey (2017), Madness Combat, Resident Evil, Titanfall, Half-Life 1 & 2, and Killing Floor 2.

 ""A well regulated Militia, being necessary to the security of a free State, the right of the people to keep and bear Arms, shall not be infringed.â€ -The 2nd amendments",1
well hey I...don't know what write,0
"...

d)Ã§.*aris_ashikada*",1
ljublju sebja trogatj igraja za es filingera,0
Hai guys this my new acc my another acc got hacked (Kitty2720811) if you my old friend pls friend me back :(,0
os monstros nunca estiveram debaixo da minha cama... eles estavam dentro da minha cabeÃ§a.. eu nÃ£o temo monstros pois ser o monstro e oq mais desejo...,0
"Disco:crinight

Im sad",1
~What was I doing again..?~                                     ğŸ“€: stxrnebula,1
"Nyan nyan nyan nyan NÃ­a hao Nyan! Â¡Gorgeous, delicius anda the culture! ãƒ¬ã‚ ãƒ»äººãƒ»ã‚ ãƒ",0
"I am just a ""she"" that don't likes to take it too serious.
Friend me only if you want and feel free to chat with myself
And dont send private messages to me cause I am not going to read them
OC from my old ROBLOX avatar ""AlicePaw_Pocketys""",1
DM me :3,0
nÃ£o sou panela ok!!! uso moe pq gosto,0
oop,0
,0
,0
"â—‹~ğŸ©µhai im pandorağŸ©µ~ â—‹


âœï¸im an artist :3c (i do commisions)
ğŸ“€: cat___
ğŸµi make music 
ğŸ”¨i can make maps for games
ğŸ®im a novice game dev :3
ğŸ³ï¸â€ğŸŒˆim a femby :3
ğŸ˜¼Best friends >:3c: Fer, zerkross, 4ngel, chochue, paradox, biscuits.
ğŸ’”dont unfriend pls
ğŸ”¨currently working on a game called ""Lost in time"" :3, u should join my group fr frğŸ”¥ğŸ”¥

ğŸ˜­aparently i make good skins, some1 already stolen one oc i have

~~Follow me pls :3c~~ğŸ€
also, dont trust ethanfoxx twins
""CORRUPT ENERGY""- John doe""
i love RTS games ğŸ”¥ğŸ”¥ğŸ”¥ğŸ”¥
i LOVE teto and miku 
i love infigue(the band)
i love limbus company (PM in general)
i love jjba, yokaiwatch and fire force(i like every anime tbh)
i have steam(mostly for l4d2)
also if u want smthing just say it, dont be shy :p(even if its the ""funny""-)
in resume, fav games r any type tbh :p
 â—‹ ~ ~ ~ ~ ~ ~ ~ ~ ğŸ€thats all strangersğŸ€~ ~ ~ ~ ~ ~ ~ ~ ~ â—‹",1
"Hai â˜ï¸
I just want to say like all my followers â˜ï¸
And my friends â˜ï¸
Well I can tell you my favorites: â˜ï¸
Food: ğŸŒ¸ğŸ¥›ğŸ–ğŸ¤ğŸ£
Color: ğŸ©µğŸ’™ğŸ¤ â˜ï¸
And thatâ€™s all but people is keep hateing me and I sad 3: â˜ï¸
Pls do not be like them ! â˜ï¸
But sometimes I feel so unsafe. â˜ï¸
I am sometimes toxic 3: â˜ï¸
And I am very shy :3
Thank you so much for 100 followers you are so nice people youâ€™re not toxic good :3
And this is for :13 and ğŸ”",1
I love robuxx :3,0
"Just somebody silly you know



Kinda interactive with the players

I donâ€™t do Studio at all

Pronouns: He/HimğŸ‡©ğŸ‡ª

Playing random Games

I donâ€˜t use the Roblox Chat",1
This is me sora ;w;,0
"å—¨å—¨ å¸Œæœ›èƒ½é‡è¦‹æˆ‘çš„äººéƒ½æ˜¯å€‹å¥½äººï¼ˆå¸Œæœ›å•¦ï¼‰
hihi pls can see me the guy a good guy (pls)",0
dc:oneandtrueking.,1
pls goat,0
"ì•ˆë…•í•˜ì„¸ìš”!! My name is Lia : Im from Korea (Can speak fluently in Korean and English)

Im 15 and ive been learning english for 3 years now . 
#Stan Liz and Wonyoung - Wony from IVE
à­¨ï¸¶ï¸¶ï¸¶à­¨à­§ï¸¶ï¸¶ï¸¶à­§
Fav games : Ink games and DTI - Trendsetter on my other account
im trying to accept everyone's friend requests :,C

.
ğŸ’— Love from korea <3 : Stay safe everyone!!",1
###################################################################,0
Gyat TrollerğŸ‘€ makes videos for living ğŸ˜,0
"yes, i am furry! uwu",0
"Best Person in the Whole World : https://rblx.name/1167954308
Bestie : https://rblx.name/7038701152",1
Well as you can see. Im a furry. Not much explaining needed.,0
I love my shark,0
"Hi

Male

Very alone

ğŸ”µ: vriku0",1
"Operation TVA-GO was a success, could've been more of a success. You have all been fooled, numerous times. You are lucky roblox doesn't do anything against you. Let alone some of the community, hope Rubensim finds a way to get all of you.
None of you are safe, and I will make sure of that.
- The Vigilant Anti-Gooner Organisation






























































































































































































--. .-.. --- .-. -.-- / - --- / - ...- .- -....- --. ---",1
"Now Blobby there's nothing ""cringe"" about inking the base.",1
,0
,0
,0
Male,0
"My Roblox hair is based on my real hair

EditorğŸ’», He/Him, I Like playing Tycoon game
__________________________________________

__________________

â—ï¸I DO NOT RESPOND TO ANY MESSAGES, DON'T EXPECT ME TOâ—ï¸ REPLY or simple to say im shy, so if you start messaging me i will be anxious",1
: 3,0
Don't cry. Everything will be alright. :),0
"I like frogs :P                  

Arg / 18!!! / Esp-Ing
          â•±|ğŸŒ±
                                                 (ËšË ã€‚7
                                                  |ã€Ëœã€µ
--  ã˜ã—Ë,)ãƒ",1
ğ“›ğ“¸ğ“¸ğ“´ğ“¼ ğ“µğ“²ğ“´ğ“® ğ“²ğ“½'ğ“¼ ğ“°ğ“¸ğ“²ğ“·ğ“° ğ“½ğ“¸ ğ“«ğ“® ğ“ª ğ“¯ğ“¾ğ“· ğ“·ğ“²ğ“°ğ“±ğ“½.,1
Woah,0
Un wey que quiere hacer amigos :'3,0
Hai :3 donâ€™t unfriend me because lm chilling and lm taking a break but when you ask me you are weird I know because lm bored :3 but all is good but you are cute outfit :3 also bee is my costume but you think lm bee :3 ok anyway I always come back but if have sc in app but I donâ€™t use but I used little bit,1
I hate this so much,0
"Im Japanese boy

If I'm online, please invite me. fear of men. I am not femboy",1
,0
imagine cool job doge cow cat imagine gamer builderman code cow pop birdy pop cool haha cow groups quality pizza,1
Hola buenas como va tu dia,0
"Male            MDNI

I love hanging out and making friends on this site. I also tend to make a few games here and there.",1
"Silliest creature
Idle transfiguration goes crazy
Hollow purple
Deer
Where the hell is the boss?!",1
"Von
19
Have the blue app
Ima boy",1
,0
,0
MRT grinder,0
"Eepy puppy. Working for more money n robux. Have been a lot of busy last months but Im planning to come back. Black skinned queens are just too much for me and I need correction so bad from ""F-ladies"", I need puppy treatment so bad. And if you feed me with files Im just at your service atp

The funni blue: nimmnie_44",1
"doing cosplays of my ocs (mainly kevin hill)
and being silly
or flipping out in war tycoon
depends",0
"Don't ruin my friendship,",0
,0
No bioum,0
,0
,0
I love playing brookhaven with my sister and all of you and I'm a furry,0
,0
ã‚ãƒ¼ã£!!é©šã„ã¦ãªã„ãªãâ€¦ã¯ã˜ã‚ã¾ã—ã¦!ã‚ã¡ãã®åå‰ã¯å¤šã€…è‰¯å°å‚˜ã‚ˆ!èƒ½åŠ›ã¯äººã‚’é©šã‹ã›ã‚‹ç¨‹åº¦ã®èƒ½åŠ›ã ã‚ˆ!ç¨®æ—ã¯ã‚«ãƒ©ã‚«ã‚µãŠã°ã‘!!ä»²ãŒã„ã„ãƒ•ãƒ¬ãƒ³ãƒ‰ã¯ã“ã“ã‚ã ã‚ˆ!ã‚ˆããƒ›ãƒ©ã‚²ãƒ¼ã¨ã‹ã‚„ã£ã¦ã‚‹ã‚ˆ!ã‚µãƒ–å¢ï¼ˆï¼Ÿï¼‰ã¯ãƒ•ã‚©ãƒ­ãƒ¯ãƒ¼ã¨ãƒ•ã‚©ãƒ­ãƒ¼ä¸­ã«ã„ã‚‹ã‚ˆ!!åå‰ã¯ä»Šã®ã‚¢ã‚«ã‚¦ãƒ³ãƒˆã¨åŒã˜!ãŸã¾ã«ã‚¹ã‚­ãƒ³éˆ´ç‘šã«ãªã‚‹ã‚ˆ!ã‚ˆã‚ã—ã!ã‚¹ã‚­ãƒ³ãƒ‘ã‚¯ã‚‰ãªã„ã§ã­!ã“ã‚Œã§è‡ªå·±ç´¹ä»‹ã¯çµ‚ã‚ã‚Š!ãƒã‚¤ãƒã‚¤!,1
Hello guysâ¤ï¸ğŸ˜ğŸ˜,0
,0
,0
palit ko omg computer or realme salamat sa basa,0
,0
,0
,0
,0
,0
,0
,0
,0
,0
*please help I am trap inside I canâ€™t get out The duchess toilet is controlling my body*. All my old friends itâ€™s me FemaleUTCW please friend me back please I will be a kind Duchess toilet,1
,0
"I exist, cause i can :3

i love strawberry milkshakes 

Deep Sea Bunny's are cute. :D

Fate Aphocrypha is so amazing 






>w<",1
I'm originally ash44377582 I was kicked from Roblox I don't know why,0
I do tumbling,0
,0
,0
rfofpxm,0
,0
,0
i like red velvet hehe.,0
,0
,0
,0
,0
Power beats talent hardlyâ˜ ï¸,0
,0
,0
,0
"DC:iamyourworstnightmare4920 

You can add me if u want to :>
fav-colors:red/orange/white/black]
bros:fein/uttm/james/chris/elite_computer/twotime/brown/mr_noob/Dwayne/utsm/void]

We can all be friends when its time :D",1
,0
Hi im UntitledNULL,0
stay_safe try myths,0
I love furry and i am super rizzy but if Are one girl date me but follow me for 1000 robux,0
Heitor Konig Guti,0
Hai,0
hi im a kind furry,0
,0
Deus te abenÃ§oe â¤ï¸,0
Hey just saying you knowâ€¦â€¦â€¦â€¦Iâ€™m a pretty good demon so HEHEHEHEHHEHEHEHEHEğŸ˜ˆğŸ˜ˆ,0
,0
"I love to make you guys smile
:D",0
,0
"Stop censoring my words, roblox. And i like chill people..

PS:Zo samurai fallled harder the the 2 very happy towers",1
,0
Nothing ğŸ˜£,0
,0
,0
hey guys im lukas and im a roblox youtuber have a lot of friends I like steal a brainrot and  99 night in the forest,0
,0
Your local alpha,0
"I am the silence before the thunder, the storm you never see coming.  I became untouchable as a result of betrayalâ€”stronger, sharper, and uncompromising.  I no longer exchange trust for loyalty; loyalty is earned, not begged for.  You crawl into my world, and only when I let you.  If you cross me, you will regret it.  Keep an eye out: as I gain strength, my adversaries become more subdued.",0
,0
Hi Iâ€™m Tyson and I have a gf and her name is Evelyn so yiu know I love KPDH and steal a brainrot my best friends are Evelyn and will will is the best at soccer.,0
,0
my main is HaydenPC2015,1
,0
,0
I love Blorpy,0
,0
,0
Hi guys my name is Mario and Iâ€™m really good at plant vs brainrot and I think that is all and also my best friend is Mason,0
POGI AKO,0
"Womp : /
Womp",1
,0
,0
,0
"Hi moonflower !ğŸŒ™ğŸŒ¸
Is nice to see you! :)",0
,0
yo sub to join me,0
,0
,0
,0
,0
,0
Hai Iâ€™m Sophia iâ€™m only allowed to have one poki! I love food and I am a Christian! Sophia out,0
,0
,0
,0
BE THE BEST AND BE SAFE!,0
,0
,0
,0
FREE PALISTINE ğŸ‡µğŸ‡¸ğŸ‡µğŸ‡¸ALL THE WAY AND UP THE DOGS ğŸ’™,0
rentalgsnu what are,0
###########################################################################################################################################################################################,0
,0
SORRY GUYS I OFFLINE 7 YEARS BUT DONT WORRY IM OFFLINE NOW AGAIN,0
,0
Hi please friend me,0
I MUST FIND THE one piece,0
,0
,0
,0
I am poor,0
,0
"No.1 matcha lover ğŸµ
Labubu collector ğŸ» 
Gender rights â¤ï¸ 
Supporter of feminism! âœŠ
Book lover ğŸ“š â¤ï¸",1
my friends from my school Cody Noah and maxwell are goated:),0
,0
,0
"""Without heroes, we are all plain people, and don't know how far we can go.""",0
,0
,0
,0
,0
,0
"I am in love with Blocktales, you should play that game if you havenâ€™t already it 10/10 best rpg I have ever played, also my favorite character from Blocktales is the kitchen wizard.",0
,0
,0
[ Content Deleted ],0
"+19
Followers any for
This TYY",1
hate me if u want :P its okay i still forgive u :D I can't play rblx for a while but I'm online at sat sometimes I online at night,0
,0
,0
,0
,0
,0
,0
,0
hi,0
"jectug hair color 
hey I
go to the store 
jump ğŸ¦˜ 
up to get here ğŸ˜",1
,0
,0
,0
,0
,0
,0
"people hate me and I don't judge them because I hate myself 
too",0
,0
,0
,0
9,0
hey guys just be kind  deal with trades join anyon game,0
,0
Hello,0
,0
,0
###################,0
hi Im Jay I'm trans Mel to female,0
Â¡HolA!,0
"Ğ”Ğ ĞĞ¡Ğ¢Ğ•, Ğ¼Ğ¾Ğ¶ĞµÑˆÑŒ Ğ¿Ğ¾Ğ¶Ğ°Ğ»ÑƒĞ¹ÑÑ‚Ğ° ÑĞ´ĞµĞ»Ğ°Ñ‚ÑŒ follow, ĞµÑĞ»Ğ¸ Ğ½Ğµ Ğ·Ğ½Ğ°ĞµÑˆÑŒ ĞºĞ°Ğº ÑÑ‚Ğ¾ Ğ¯ ĞŸĞĞœĞĞ“Ğ£! ĞĞ°Ğ¶Ğ¸Ğ¼Ğ°ĞµÑˆÑŒ (â€¢â€¢â€¢) Ğ˜ ĞŸĞĞ¢ĞĞœ follow, Ğ¸ ÑÑ‘.",1
,0
,0
,0
On Brookhaven everyone calls me shadow tv daddy but it is shadow tv man not shadow tv daddy and I love playing skibidi toilet roplay 2,0
"Hiiiii Iâ€™m Savannah (not my real name lol) and I loveeeeee gag and 99 nights! Also, my friends are sooo cool! I might quit Roblox tho if David doesnâ€™t do something about everythingâ€¦ so I might not be around for much longer! Anyways, I hope youâ€™ll be my friend!!!! <3",0
,0
###############################################################################################################################################################################################################################################################################################################,0
"My friends
Friends can't see chat me
:<
My Best friend",1
"ğ“—ğ“®ğ“µğ“µğ“¸ ğ“£ğ“±ğ“®ğ“»ğ“® ğ“œğ”‚ ğ“ğ“ªğ“¶ğ“® ğ“²ğ“¼ ğ“ğ“¸ğ“½_ğ“œğ“®ğ“µğ“ªğ“·ğ”‚ğ“ª71 ğ“²ğ“¯ ğ”€ğ“ªğ“·ğ“½ ğ“«ğ“® ğ“ª ğ“¯ğ“»ğ“²ğ“®ğ“·ğ“­ ğ“²ğ“½ ğ“¯ğ“²ğ“·ğ“® ğ“½ğ“¸ ğ”‚ğ“¸ğ“¾ ğ“ªğ“·ğ“­ ğ“˜ ğ”€ğ“²ğ“µğ“µ ğ“Ÿğ“µğ“ªğ”‚ ğ“¢ğ“¾ğ“»ğ“¿ğ“²ğ“¿ğ“ªğ“µ ğ“°ğ“ªğ“¶ğ“® ğ“ªğ“·ğ“­ ğ“®ğ“¿ğ“®ğ“·  ğ“—ğ“¸ğ“»ğ“»ğ“¸ğ“» ğ“°ğ“ªğ“¶ğ“®.

ğ“¦ğ“±ğ“ªğ“½ ğ“˜ ğ“µğ“²ğ“´ğ“® ğ“Ÿğ“µğ“ªğ”‚ ğ“²ğ“¼ ğ“Ÿğ“»ğ“®ğ“¼ğ“¼ğ“¾ğ“»ğ“®,ğ“–ğ“»ğ“ªğ“¬ğ“®,ğ““ğ“¸ğ“¸ğ“»ğ“¼ ğ“ªğ“·ğ“­ ğ“®ğ“¿ğ“®ğ“· ğ“˜ ğ“µğ“²ğ“´ğ“® ğ“­ğ“²ğ“¯ğ“¯ğ“®ğ“»ğ“®ğ“·ğ“½ ğ“°ğ“ªğ“¶ğ“® ğ“¸ğ“· ğ“¶ğ”‚ ğ“¯ğ“ªğ“¿ğ“¸ğ“»ğ“²ğ“½ğ“®ğ“¼ ğ“µğ“²ğ“¼ğ“½.",1
Bna is awesome itâ€™s out on netflix,0
"If I add you randomly its because I think your outfit is really hot, and i might spoil you with a roblox giftcard~",0
hellow hru guys,0
#freeschlep,0
,0
,0
Call me Doom,0
Help me,0
à¹€à¸šà¸·à¹ˆà¸­à¸£à¸«à¸±à¸ªà¹€à¸à¹ˆà¸²à¸«à¸²à¸„à¸™à¹à¸¥à¸à¸£à¸«à¸±à¸ªà¹„à¸¡à¹ˆà¹„à¸”à¹‰à¹à¸¥à¸à¸–à¸²à¸§à¸£à¸™à¸°à¸ˆà¸°,0
"hunter, snowboarder and spearfisher",0
,0
,0
###########,0
,0
notthatguyy0078,0
ğŸ€ğ“™ğ“ªğ“¬ğ“´ğ“¹ğ“¸ğ“½!ğŸ€,0
,0
,0
Guys Tuesday go in m'y private server and Saturday go in m'y private server,0
"Just a guy who see the world different, but it's too late to talk about that, anyways, i often play racing or fps games, love horror games too, and idk what else to put here, oh, I forgot to mention I'm in the furry comunity/fandom, so yea, thats all u gotta know about me so far, peace gngâœŒï¸",0
,0
,0
,0
I'm just a chill guy,0
"I am from space 
>:3",0
"Xbox: åˆ‡å§†æ–¯#7169

I generally (always) play on Xbox.",1
"He doesn't sleep, he says he will never die.",0
,0
,0
,0
,0
,0
,0
,0
,0
,0
,0
"studio.                                                 ğŸ’Extremely literate, and teasy!ğŸ’                       ğŸ’Love to dance~ğŸ’                                         ğŸ’”I gotta jump to fit into jeans...~ğŸ’”",1
"Was ImpromptuDecor. 

Bio in following, tell me if it gets deleted.",1
"imma boi
lvl 18 :3
bwaaaa",1
freind request me if im online! ill accept within a few minutes!,0
,0
"MQHDYDW! OEK SQD WE SHQPO MYJX JXYI XKWU QDT ICUBBO SESA OEK ADEM MXQJ OEK MQDJ, DQIJO QDT JXYSA SKC XUHU, ZKIJ QTT CU YD JXU RBKU QFF
""ullqnub."" qbb yd bemuhsqiu bujjuhi
RYJELESX ADEMI MXQJ YC JQBAYDW QREKJ",1
"Account for studios.
Furry.",1
"-- -.-- / -.. .. ... -.-. --- .-. -.. / .. -.. / .. ... / .--. --- ..- -. -.. .. -. ... .. -.. . -- . Morse code 
~ Ethnicity Nepali
~Femboy  Here Feel Free to add me
~Atheist
~18",1
"Haii~!! I'm a lost brat that's just wandering around for anything ""fun"" to do with fun people~! My fav things are big cakes hehe~!!",0
we the risers,0
"ALT

FEMMIE

LIMITLESS!",0
,0
"Studio.
APğŸ­ğŸ¼> (Can be Brat) or QOS
I get to the point
Check following (blu swippingcrds)",1
Memento Mori,0
"@y8o

javascript, java, python, c++, html + css",1
ç¦ç‘æ‰©åˆ—äº¤å‹owoï¼šğŸ§2392510763,1
"I'm super touchy and affectionate 
MY MAIN ACC IS IN MY FOLLOWING :3 (it's an active account I play games on so I might have regular avatars on but don't let that fool ya)

CC 7 
 

Bi/I don't take I give if ykyk 

B EHOX HEWXK PHFTG BF 15 MABL BL FR TEM TVVHNGM FR FTBG BL BG FR YHEEHPBGZ B VTG UX YXF TGW FTLV ANFTG HK YNKKR B EHOX MH KI TGW B VTG MHI YXFUHRL HK PHFTG TGW BY NK T WHFFR FHFFR IEL WHF FX B ENO YNKKBXL TEHM UMP :3",1
,0
"OVERGROWN BRAT! ğŸ’¢ğŸ§©ğŸš¸

5yo

heyâ€”ğŸ˜¡ my eyes are up here!!! stop staring at my (age x 2) loser-meatâ€¦. weirdo!",1
"ğŸ’¿hyenafursz
Studio",1
"BullğŸ’¢
In hyper
studio only",1
"Esp/Eng Studio and games
CC:
D kxjh nlg zlwk d ryhughyhorshg frfn khkh l fdq ihhg prppbv dqg ihperbv zlwk d orw ri fkhhvh li wkhb khos ph wr fohdq pb qdvwb frfn khk",1
"H-Hiiii!~â˜†âœ´ï¸
Seeking for someone who's D-Dominant ğŸ’œ and can put me into Place~â™¡:3ğŸ˜Š
A-Adddd meee!~ğŸ’• ğŸ’¿: plapplapboi.                      âš ï¸I'm often busy so expect me to reply to you late~ :3âš ï¸",1
,0
"bratty bvll
(add rabidverociousbvlly for studio inv)

somtimes cant type, just add and play studio. if u wanna chat invite to a game.
â™ ï¸",1
"Studio
ğŸ’¿ bratmeat
obun ovyuf iyha dpao h mha tlhawvsl, ylhkf av mbjr huk wbtw Tvttplz mbss!",1
"sharpp.303 my blu
its 3 AAM 
older >>>
yes its bigger than your forearm",1
"cheesy smelly brat need of care taker
studio and blue",1
hello there.............. silly...................,0
Top Alpha Cat G,0
"fur, maybe
js your favourite shortie! i can be both bottom and top, studio only!
who cares about the gender if you're still taking/giving it?
NO males at all, untill you're bott",1
"I love everyone but especially pretty women! >~<

Please be patient with me >~<",0
I like furrys add back if interested in studio/con (I morph in studio) heartgeass0 on ğŸ’¿ğŸ”µ,1
,0
":D
Extremely Silly
Boy, remember that please! Follow to be accepted :3",1
"I love my hubby so much, heâ€™s my favorite person Ive ever, heâ€™s my everything.",0
"Noobfurs are the best!! Donâ€™t let me fool you, Iâ€™m reliable and can deliver no matter what!!",0
therealsuscrusader,0
"your local bull thatâ€™s looking to have some fun ~ Iâ€™m pretty literate, but Iâ€™ll please donâ€™t be dry on your endâ€¦",0
studio..-?,0
"Haiii, you call me Zephyr X3
I play Minecraft PvP too so ask if you want to play with me
I need a pro on my team in Rivals so lmk if your good
I never had 400 friends on Roblox before XD



And anyone who might ask, please stop asking me to be your partner I am not going to be your partner and I do not want to -w-",1
Add me to get your kitty ruined or for kitty owner.,1
,0
"[ * Greetings. ]

[ * I.. am Chara. ]

[ * ""Chara"". ]
[ * The Demon that comes when you call its name. ]

[ * For more information, check my following bio. ]
[ * MDNI. ]",1
,0
Cogito,0
"musky stray dog looking for brainless meat

if i add u, i want you to be my chew toy

games only

ğŸ¦´: 0",1
add me for yk :3 I can do rp and game only!!,1
My main isnt allowed to see chats or speak txt through here,1
"studio.                                                 ğŸ’Extremely literate, and teasy!ğŸ’                       ğŸ’Love to dance~ğŸ’                                         ğŸ’”I gotta jump to fit into jeans...~ğŸ’”",1
"Was ImpromptuDecor. 

Bio in following, tell me if it gets deleted.",1
"imma boi
lvl 18 :3
bwaaaa",1
freind request me if im online! ill accept within a few minutes!,1
,0
"MQHDYDW! OEK SQD WE SHQPO MYJX JXYI XKWU QDT ICUBBO SESA OEK ADEM MXQJ OEK MQDJ, DQIJO QDT JXYSA SKC XUHU, ZKIJ QTT CU YD JXU RBKU QFF
""ullqnub."" qbb yd bemuhsqiu bujjuhi
RYJELESX ADEMI MXQJ YC JQBAYDW QREKJ",1
"Account for studios.
Furry.",1
"-- -.-- / -.. .. ... -.-. --- .-. -.. / .. -.. / .. ... / .--. --- ..- -. -.. .. -. ... .. -.. . -- . Morse code 
~ Ethnicity Nepali
~Femboy  Here Feel Free to add me
~Atheist
~18",1
"Haii~!! I'm a lost brat that's just wandering around for anything ""fun"" to do with fun people~! My fav things are big cakes hehe~!!",1
we the risers,0
"ALT

FEMMIE

LIMITLESS!",1
,0
"Studio.
APğŸ­ğŸ¼> (Can be Brat) or QOS
I get to the point
Check following (blu swippingcrds)",1
Memento Mori,0
"@y8o

javascript, java, python, c++, html + css",1
ç¦ç‘æ‰©åˆ—äº¤å‹owoï¼šğŸ§2392510763,1
"I'm super touchy and affectionate 
MY MAIN ACC IS IN MY FOLLOWING :3 (it's an active account I play games on so I might have regular avatars on but don't let that fool ya)

CC 7 
 

Bi/I don't take I give if ykyk 

B EHOX HEWXK PHFTG BF 15 MABL BL FR TEM TVVHNGM FR FTBG BL BG FR YHEEHPBGZ B VTG UX YXF TGW FTLV ANFTG HK YNKKR B EHOX MH KI TGW B VTG MHI YXFUHRL HK PHFTG TGW BY NK T WHFFR FHFFR IEL WHF FX B ENO YNKKBXL TEHM UMP :3",1
,0
"OVERGROWN BRAT! ğŸ’¢ğŸ§©ğŸš¸

5yo

heyâ€”ğŸ˜¡ my eyes are up here!!! stop staring at my (age x 2) loser-meatâ€¦. weirdo!",1
"ğŸ’¿hyenafursz
Studio",1
"BullğŸ’¢
In hyper
studio only",1
"Esp/Eng Studio and games
CC:
D kxjh nlg zlwk d ryhughyhorshg frfn khkh l fdq ihhg prppbv dqg ihperbv zlwk d orw ri fkhhvh li wkhb khos ph wr fohdq pb qdvwb frfn khk",1
"H-Hiiii!~â˜†âœ´ï¸
Seeking for someone who's D-Dominant ğŸ’œ and can put me into Place~â™¡:3ğŸ˜Š
A-Adddd meee!~ğŸ’• ğŸ’¿: plapplapboi.                      âš ï¸I'm often busy so expect me to reply to you late~ :3âš ï¸",1
,0
"bratty bvll
(add rabidverociousbvlly for studio inv)

somtimes cant type, just add and play studio. if u wanna chat invite to a game.
â™ ï¸",1
"Studio
ğŸ’¿ bratmeat
obun ovyuf iyha dpao h mha tlhawvsl, ylhkf av mbjr huk wbtw Tvttplz mbss!",1
"sharpp.303 my blu
its 3 AAM 
older >>>
yes its bigger than your forearm",1
"cheesy smelly brat need of care taker
studio and blue",1
hello there.............. silly...................,1
Top Alpha Cat G,1
"fur, maybe
js your favourite shortie! i can be both bottom and top, studio only!
who cares about the gender if you're still taking/giving it?
NO males at all, untill you're bott",1
"I love everyone but especially pretty women! >~<

Please be patient with me >~<",1
I like furrys add back if interested in studio/con (I morph in studio) heartgeass0 on ğŸ’¿ğŸ”µ,1
,0
":D
Extremely Silly
Boy, remember that please! Follow to be accepted :3",1
"I love my hubby so much, heâ€™s my favorite person Ive ever, heâ€™s my everything.",1
"Noobfurs are the best!! Donâ€™t let me fool you, Iâ€™m reliable and can deliver no matter what!!",1
therealsuscrusader,0
"your local bull thatâ€™s looking to have some fun ~ Iâ€™m pretty literate, but Iâ€™ll please donâ€™t be dry on your endâ€¦",1
studio..-?,1
"Haiii, you call me Zephyr X3
I play Minecraft PvP too so ask if you want to play with me
I need a pro on my team in Rivals so lmk if your good
I never had 400 friends on Roblox before XD



And anyone who might ask, please stop asking me to be your partner I am not going to be your partner and I do not want to -w-",1
Add me to get your kitty ruined or for kitty owner.,1
,0
"[ * Greetings. ]

[ * I.. am Chara. ]

[ * ""Chara"". ]
[ * The Demon that comes when you call its name. ]

[ * For more information, check my following bio. ]
[ * MDNI. ]",1
,0
Cogito,0
"musky stray dog looking for brainless meat

if i add u, i want you to be my chew toy

games only

ğŸ¦´: 0",1
add me for yk :3 I can do rp and game only!!,1
My main isnt allowed to see chats or speak txt through here,1
"â™‚ï¸ Hung
Feel free to add
I do studio 
ğŸ’¿anubisfurz",1
,0
"â™ ï¸â„ï¸ğŸ‡â™ ï¸

always happy for a 2v1 or group - the more the better

â™ ï¸â™ ï¸my dream is to star in a roblox BNWO photoshootâ™ ï¸â™ ï¸
^^^please help me make it come true^^^

new alt don't get scared
sorry if i take a long time to respond
if i dont respond im probably sleeping - (european time)
studio only",1
,0
"Desk: ransoneverexisted
Note: I got maps for practically anything- including red wood lol.
-  - - 
Not a wallet.
Char in studio.
I'm finally off my break.

Male/MDNI.
Studio Roleplayer, Literacy is required, Plot preffered aswell.
No I will not sweat grammar in casual messages out of rp.",1
,0
,0
Baah! Baah.. little sheep.. uvu       Literate!,1
"MDNI ğŸ’™: licht0756   Add me to chat
Very literate and down for whatever you want 
Mixed: Latino and black
Handler
I have a fur avatar too",1
ğŸ€Dom FvtağŸ€ ğŸ¾ AlinağŸ¾ Marleys <3!,1
:3,0
"Think you can tell by the name~
Small stature with a BIG package.
I LOVE friend requests!
ILL PROBABLY UPDATE THIS BUT BLUE IS brattyboy0 !!!
Obviously I char in games or studios..

Literate and pretty experienced, don't be shy to add up! I'll be making a better bio soon enough too~!",1
husker woof,0
"18+(9inch)
Add if u want that kitty destroyed",1
"Experienced, you'll love what I do.
Semi-limitless.
Games and studio both welcome.
Top and maybe switch if you're fun.
If you do not want to talk or do, unadd and it will save us both time.",1
,0
check following                                                      older>>,0
"I don't (minimally) text on here - READ BIO!! (In Following - First then Last.)
Everyone is welcomed.
Don't let my appearance/avatar fool you 
[MDNI] [MDNI] [MDNI] [MDNI] [MDNI] [MDNI]",1
,0
"ari's special boy

studio exclusively 

above average yummers",1
"studio.
literate.
ğŸ’½ eeyeeseeyyes",1
I play any gender to your liking including age.,0
"ğŸ’¿ - bloomsybloomed
MDNI, I'll write a proper bio again l8r.",1
"STUDy protogen fr, need get more knowledge..
be ready to get some protobytes inside you!",1
"How are you guys today?

I am a game developer that makes horror, or even sometimes adventure games.
Do ask for any suggestions by Messaging me (They are sometimes off though, so just know)",1
-... .. --. / .... ..- -. --. / -... . .- ... - / .-. . .- -.. -.-- / - --- / .--. .-.. .- .--. / .- -. -.-- / -.-. .... . . -.- ... / - .... .- - / .-- .- -. - / - .... .. ... / -- --- -. ... - . .-. / -- . .- - / ... - .-. . - -.-. .... .. -. --. / - .... . .. .-. / .... --- .-.. . ... / .-.. .. - . .-. .- - . / .- -. -.. / .-.. .. -- .. - .-.. . ... ... / -.-. --- -- . / .- -.. -.. / -- -.-- / -... .-.. ..- / - --- / .... .- ...- . / ... --- -- . / ..-. ..- -. ---... .-- .. .-.. -.. -... .-. . . -.. .. -. --. .... --- .-. ... .,1
"How to Pretend - Lucy Bedroque


 Blue - damunuigurumi",1
"!! i cant read or send roblox chats !!
remember that you are pawesome
just ur pawverage bunny pyon pyon
ğŸ”µ bunlops <- if u dont tell me who u are i will not respond",1
"It's kind of obvious, don't you think?
Roblox has disabled my in-game chat.
Note: I prefer to interact with other furs.

64: Qmx1ZSA9IGZ1enp5Y2lyY3VpdHM=",1
"very literate
add my ğŸ’¿ for studio: criske.1
OWNING: KatsumiPacks",1
"- I playtest studio games sometimes (more inclined if you check out my store).
- I like to hang out!
- Don't be afraid, I'm quite friendly.
- Great at bbysitting.",1
"life always goes on, why shouldnâ€™t you? most uncomfortable 8 days of my life.",1
"Hii I'm 21 and mess around in studio. I ask that you don't add me if you're under 18 - 19.

For a more in depth bio see my backup: https://www.roblox.com/users/10000333575/profile",1
"New > . <
Am boy! Straight!!
Switch :3

MDNI !!!",1
"Can adjust to most things, I'll be nice - or not.. if that's your thing <3
I morph in-game",1
"Just a normal girl who like playing roblox
Dis
lucy_690
I only add girls, trans girl or femboy avatar",1
blu - wantsareneeds,1
Hii x3,1
,0
"limitless
d; morphfemb",1
"I'm a guy
blue: lycaorn
Top bunk
back!",1
,0
"Heya, Iâ€™m Panchia! I like to skateboard and draw! See ya sometime, yeah? :3",1
Filthy and Ruthless.,0
cosplaying multiple different characters? no way i didnt know that was possible!?!?!?!?,1
Chat muted,0
"stubborn brat

i have my own maps
studio",1
,0
"lf for older women and sitters I've been told that sitters cant handle me when alone

Moms: 16
Babysitters: 25",1
studioâ™¡,1
,0
"Hoi's new account

My ancestors would curse you after getting summonned, i'll only say nya and purr on you

Feminine boy, following TOS and everything.

studio only",1
I'm a good puppy!,0
"DreDaBrat on ğŸ’¿!!! Roblox took my chat away! Please send a req if im on! Cant see your chats too!
I aam young studio developer looking for new friends to play with!",1
haiiii :3,1
"Im a guy, just feminine

Im also a furry



I reek like wet dog
Musky, rank, and smelly








You stink!!! - Iâ€™m into that :3",1
"ğŸ’–           âœ¨                ğŸ’–        âœ¨               ğŸ’–                âœ¨           ğŸ’–               âœ¨             ğŸ’–              âœ¨

I know why you're here...",1
"hiiiiee!! im miku~ âœ¨
im 18 years~ ^^
youll see me as myself, or as diva dayo from forsaken >_<
i luveee all things sparkly n cute~ (*â‰§Ï‰â‰¦)
dance, sing, vibez n kawaii friends are my fav~ ğŸ’–
pls be gentle~ i get shy~ (â„ â„>â„ â–½ â„<â„ â„)
lets have fun n make da world extra fluffy~ âœ¨ğŸ’«
hmu if u wanna play~",1
Hai haii :3,0
"Male, DO NOT ADD ME IF YOU AREN'T EXPERIENCED IN ROLEPLAYING
Literate & Experienced (EXPERIENCE IN GAMES LIKE AFTER THE FLASH, NEON DISTRICT, ZAIBATSU, OTP, REDWOOD, THIRLCREST)
Limitless, bottom bunk or top bunk. I morph in studio",1
just a goober :3                                                  ask for blu 055f0f492afcd7bcdb4cf15c24032a6dfadf1dd02c0efe6d96a08510f009e8bc16,1
"i want mommyss :3

11-3",1
"AAM wlycf zovah ulea kvvy, jvtl zhf op p ohcl h ipn aopjr ztlssf jollzf zbywypzl~ il spalyhal huk aovzl woha dviisf hzz jollrz ilaaly il woha mvy aopz iyha (zayhpnoa thwz hkk tl huk tzn tl) im new .-.. . ...- . .-.. / .---- ...-- send your ğŸ’¿",1
"MDNI!

Chat broken :(

VERY TABOO WARNING!

Blu in bio because my chat is broken :(

Will char in studio!

(CC -9)
Pfl ufe'k befn yfn zk yrggvevu.
Pfl nflcue'k tfdgivyveu zk repnrp.
Slk Yv zj Xfu Yzdjvcw ze nrpj rsjliu.

Reu Yv zj r jkzeb-rjjvu gvimvik.

Kyv gfnvi kyrk Yv yfcuj drbvj uvzkzvj fw retzvek ivczxzfe cvjj kyre srtkvizr sp tfdgrizjfe.
Kyv lewrkyfdrscv nzcc kyrk Yv yfcuj zj czkvirccp zeuvjtizsrscv ze rep fw pfli dfikrc crexlrxvj.
Yv zj Xfu ze hlrekzkzvj drkyvdrkztrccp zdgfjjzscv kf dvrjliv ze rep nrpj nyzty yvcg leuvijkreu,
efk vmve ze kyv letflekrscv zewzezkzvj - ef jtzvetv ze vozjkvetv zj trgrscv fw vogcrzezex Yzd.

Xfu tflcu wcvo Yzj
GLKIZU, WZCKYP,
SZFYRQRIUFLJ
WIVRBJKLU
TFTB

reu vmvip ivrczkp kyrk dzxyk kyvfivkztrccp vozjk,
vmvi vozjk fi yrmv vmvi vozjkvu nflcu veu.

Mzfcvekcp.

Reu kyviv'j efkyzex pfl tre uf rsflk zk.
Pfl'iv wltbvu.

scl: sivvuvi_silkv_jcrdjklu",1
Yerr,0
im.not.toffee,1
,0
,0
10+ ich rod! Hmu for fun with the best white boy that you can find.,1
"Practically limitless /Love scenarios 

You provide.


Fvta gets priority",1
"Pretty Literate 
Experienced

MDNI

5 Years Experience 
add for my blue
I don't add much + Char in Studio",1
,0
"Will tribute to your avatar if its good

Ask for me dc",1
connect with me twin...,0
,0
"im in that tonka baby, come show me love
i do some cool dev work, js lmk
                                                           d; ideal_real
can be human or sum else, details here ^^^^",1
"hiii I'm looking for friends to play with after school..
I get bored reaaaally fast so it's always better to keep myself busy :p





qnuux! R'v jlcdjuuh 13 bx ro hxd'an wxc xtjh frcq cqjc khn. Ldaanwcuh uxxtrwp oxa knrwp paxxvnm kh xumna mnyajenm ynmx praub jwm onvkxhb (xwuh xwnb frcq j ojc jbb). R uxbc vh bcdmrx orunb bx ro hxd fjwc cx yujh hxd'uu qjen cx yaxermn oxa xwn! R'v urvrcunbb jwm R ljw kn kxcq cxy xa kxccxv.. cqnan'b j qrpq lqjwln cqjc ro hxd unc vn kn cxy R'uu kduuh hxd.
Vh kudn rb kduuhunx.. jmm vn cqnan
cqjc'b juu khnn :)",1
"Yk yng studio 16-2 dMJMG

Hmu to watch me strk this kiddy rod live

Ask for my yk",1
Helo,0
"Brat that just got out of class, tired n annoyed :P
Studio!
Numberonekiddo is my ğŸ’¿! Text me there since im muted

REAL BRAT!",1
"Add for a fill
Its long
I try to be active                           
I accept anyone
Can't always do realistic games
games and studio (Game preferred)",1
,0
Just a brat looking to play games with any mommas around~!,1
,0
Just who in the hell do you think we are?,1
"Xbox: åˆ‡å§†æ–¯#7169

I generally (always) play on Xbox.",1
"Ill be your play thing for money ğŸ˜
Im charging 2 robux per minute so for 30 minutes is 60 :3 (if you could even last that long)
ï¼Šâœ¿â€ 19 in 2 months â€âœ¿ï¼Š",1
,0
Society is doomed as a whole people can't take accountability or responsibility in their day-to-day lives that's why the society we live in is doing and that's not even the main reasons I dropped have a good day though but remember never argue with someone who doesn't have the intelligence or mental health to do it don't they'll just avoid it.,1
"Studio
ğŸ”µ: flvffygvy 
Energetic and...hvng.
(Bi)(Esp/Eng)",1
"some silly lil fur ball :3
blue- shu_the_dummy
 add me on blu if u wanna talk to me bc my chat got removed pls and thankies <3

Luv Status= Taken ğŸ¤",1
,0
"silly !

be careful of the tall grass .. :3
moot me, can't talk here for some reason --> ğŸ’¿smolkittyboi",1
"esp/eng
nuevo comienzo
Studio",1
New account (prev banned). Adding/following the best,1
"acc got silenced, add cutehungfemb2",1
,0
